MutationType,FFPE_Repaired_sig,FFPE_Unrepaired_sig
C>A@A_A,0.01224656,0.001007571
C>A@A_C,8.57E-05,9.71E-05
C>A@A_G,0.00010396,0
C>A@A_T,0.000892418,0
C>A@C_A,0.004375117,0.000787044
C>A@C_C,0.0017345,8.89E-05
C>A@C_G,0.000670952,1.76E-06
C>A@C_T,0.001998938,0.000285211
C>A@G_A,0.010477217,0.000439677
C>A@G_C,0.00113242,6.32E-05
C>A@G_G,0.000224665,6.32E-07
C>A@G_T,0.000441834,2.62E-05
C>A@T_A,0.001956432,0.000159488
C>A@T_C,0.000311114,7.08E-05
C>A@T_G,0.000251778,8.18E-07
C>A@T_T,0.001217099,8.93E-06
C>G@A_A,0.001837097,0.000311454
C>G@A_C,0.000437708,1.44E-05
C>G@A_G,0.00010396,0
C>G@A_T,0.000522117,1.77E-05
C>G@C_A,0.000971421,0
C>G@C_C,0.001123823,4.06E-06
C>G@C_G,0.000751323,1.76E-06
C>G@C_T,0.006777165,0.000755986
C>G@G_A,0.000794698,9.97E-05
C>G@G_C,0.002650993,0.000241113
C>G@G_G,0,0
C>G@G_T,0.001225254,2.60E-06
C>G@T_A,0.000390334,5.12E-06
C>G@T_C,0.000524896,1.32E-05
C>G@T_G,4.57E-05,2.66E-05
C>G@T_T,0.000910558,3.68E-06
C>T@A_A,0.029036683,0.116021709
C>T@A_C,0.012760797,0.059971776
C>T@A_G,0.170732289,0.016150801
C>T@A_T,0.016653183,0.083483646
C>T@C_A,0.040363624,0.100006319
C>T@C_C,0.02678127,0.068132935
C>T@C_G,0.141655721,0.012310827
C>T@C_T,0.024515156,0.083721378
C>T@G_A,0.031210466,0.049685791
C>T@G_C,0.022986234,0.045927218
C>T@G_G,0.113156947,0.009536856
C>T@G_T,0.019897317,0.03985328
C>T@T_A,0.032473346,0.109257625
C>T@T_C,0.027823291,0.077570944
C>T@T_G,0.15315821,0.013824693
C>T@T_T,0.017296365,0.105331588
T>A@A_A,0.000874355,1.56E-05
T>A@A_C,0.000753838,0.000105047
T>A@A_G,0.000427927,0
T>A@A_T,0.000894471,1.92E-05
T>A@C_A,0.00306524,0.000123156
T>A@C_C,0.000268357,2.74E-05
T>A@C_G,0.002319003,6.30E-05
T>A@C_T,6.59E-05,1.35E-05
T>A@G_A,0.008221882,0.000299979
T>A@G_C,0.000626958,1.13E-05
T>A@G_G,0.00250627,0.000398202
T>A@G_T,0.002601282,8.81E-05
T>A@T_A,0.000701291,6.52E-05
T>A@T_C,8.11E-05,1.53E-05
T>A@T_G,0.000109885,1.51E-05
T>A@T_T,0.000444929,0
T>C@A_A,0,0
T>C@A_C,0,0
T>C@A_G,0,0
T>C@A_T,0,0
T>C@C_A,0,0
T>C@C_C,0,0
T>C@C_G,0,0
T>C@C_T,0,0
T>C@G_A,0,0
T>C@G_C,0,0
T>C@G_G,0,0
T>C@G_T,0,0
T>C@T_A,0,0
T>C@T_C,0,0
T>C@T_G,0,0
T>C@T_T,0,0
T>G@A_A,0.000542087,2.76E-06
T>G@A_C,0.000951142,7.13E-05
T>G@A_G,0.003356033,0.000270796
T>G@A_T,0.000254004,0
T>G@C_A,0,0
T>G@C_C,0.001029471,0.000126518
T>G@C_G,0.008642229,0.000788377
T>G@C_T,0.001748361,0
T>G@G_A,0.000241176,0.000115329
T>G@G_C,0.001664537,0.000313867
T>G@G_G,0.009766129,0.00083354
T>G@G_T,0.000108655,0
T>G@T_A,0.001728324,0.000502079
T>G@T_C,0.003252981,0.000224862
T>G@T_G,0.002574343,0.000138367
T>G@T_T,0.002489203,2.99E-05